Token,Count
romeo,307
juliet,185
capulet,160
love,157
prepar,152
inform,147
project,147
gutenberg,147
legal,147
advisor,147
nurs,146
ladi,120
come,118
shall,109
friar,101
mercutio,88
ill,83
tybalt,81
benvolio,80
enter,78
go,78
good,76
death,72
man,71
night,71
well,69
hath,64
one,61
say,61
pari,57
sir,56
make,55
art,55
give,55
day,55
would,54
let,52
montagu,51
dead,48
doth,47
may,47
eye,46
yet,46
tell,45
like,45
fair,44
take,43
upon,43
hast,43
marri,42
princ,41
time,41
ti,40
must,40
look,40
lie,39
see,39
hand,38
live,38
know,38
servant,37
much,37
call,36
heart,35
word,34
speak,33
sweet,33
heaven,32
exit,32
gone,32
hous,31
exeunt,31
lord,31
peter,30
us,30
wilt,30
back,30
light,30
die,30
name,30
god,30
stand,29
stay,29
mine,29
old,28
men,28
part,28
ay,28
scene,27
true,27
find,27
lawrenc,26
father,26
henc,26
dear,26
tear,25
watch,25
young,24
hour,24
musician,23
fear,23
therefor,23
away,23
hear,23
banish,23
sampson,22
till,22
bed,22
bid,22
face,22
faith,22
woe,22
two,21
life,21
madam,21
think,21
cannot,21
within,21
thing,21
holi,21
joy,21
head,20
friend,20
nay,20
put,20
made,20
ere,20
farewel,20
ah,20
balthasar,19
gregori,19
wife,19
daughter,19
mean,19
keep,19
peac,19
fall,19
son,18
show,18
hate,18
hold,18
cousin,18
earth,18
never,18
letter,18
lip,18
help,18
could,17
ear,17
turn,17
villain,17
grave,17
rest,17
earli,17
beauti,17
weep,17
wit,17
world,17
counti,17
flower,17
breath,17
cell,17
slain,17
blood,16
move,16
bear,16
long,16
sun,16
sound,16
leav,16
dost,16
grief,16
poor,16
mother,16
pray,16
soul,16
mantua,15
whose,15
draw,15
maid,15
quarrel,15
alon,15
sleep,15
kiss,15
child,15
none,15
need,15
dream,15
send,15
tomorrow,15
news,15
verona,14
kinsman,14
anoth,14
noth,14
mani,14
morn,14
happi,14
still,14
thine,14
said,14
year,14
poison,14
gentleman,14
tonight,14
bring,14
thursday,14
lay,13
new,13
lover,13
place,13
sword,13
master,13
run,13
talk,13
came,13
soon,13
without,13
els,13
get,13
husband,13
late,13
use,13
murder,13
play,12
forth,12
end,12
ever,12
better,12
ye,12
heavi,12
gentl,12
she,12
even,12
littl,12
cheek,12
hither,12
sin,12
shame,12
thank,12
tongu,12
bodi,12
page,11
wall,11
law,11
ho,11
shalt,11
set,11
mad,11
way,11
oer,11
comfort,11
sinc,11
best,11
sit,11
warrant,11
marriag,11
wake,11
saint,11
kill,11
pardon,11
full,11
thought,11
attend,10
act,10
dare,10
street,10
mind,10
chamber,10
black,10
sorrow,10
first,10
he,10
rich,10
wise,10
forget,10
though,10
desper,10
rosalin,10
neer,10
cri,10
done,10
everi,10
follow,10
straight,10
torch,10
swear,10
music,10
pale,10
answer,10
alack,10
church,10
monument,10
john,9
apothecari,9
citizen,9
ancient,9
arm,9
stir,9
feel,9
serv,9
fight,9
fool,9
foot,9
ground,9
case,9
either,9
sad,9
here,9
wast,9
unto,9
mistress,9
bound,9
honour,9
last,9
fortun,9
inde,9
great,9
saw,9
sight,9
other,9
hang,9
boy,9
bless,9
youth,9
meet,9
what,9
twenti,9
silver,9
vault,9
buri,8
bite,8
beat,8
measur,8
cloud,8
counsel,8
nobl,8
hide,8
feast,8
welcom,8
dark,8
fellow,8
book,8
merri,8
ask,8
enough,8
knock,8
thu,8
that,8
bone,8
anon,8
bosom,8
vile,8
gentlemen,8
high,8
natur,8
tomb,8
lament,8
churchyard,8
abraham,7
three,7
break,7
foe,7
dog,7
flesh,7
rememb,7
among,7
hell,7
nois,7
enemi,7
fire,7
bloodi,7
close,7
toward,7
home,7
shut,7
prove,7
air,7
short,7
ala,7
cold,7
sick,7
sea,7
near,7
hit,7
note,7
read,7
canst,7
behold,7
star,7
writ,7
brother,7
jest,7
thousand,7
fli,7
beseech,7
danc,7
tender,7
care,7
finger,7
hot,7
past,7
fetch,7
open,7
thyself,7
sudden,7
next,7
simpl,7
hie,7
killd,7
merci,7
cors,7
wed,7
woeful,7
dagger,7
cut,6
pretti,6
hadst,6
side,6
begin,6
thumb,6
seek,6
hurt,6
window,6
affect,6
seen,6
deep,6
sigh,6
unless,6
learn,6
enviou,6
asid,6
morrow,6
seem,6
form,6
lead,6
bright,6
breast,6
brow,6
ii,6
chang,6
fourteen,6
hope,6
consent,6
voic,6
guest,6
sirrah,6
burn,6
iii,6
where,6
matter,6
age,6
took,6
wretch,6
wish,6
less,6
strength,6
girl,6
spoke,6
excus,6
wing,6
rude,6
ha,6
tale,6
yonder,6
honest,6
door,6
power,6
strang,6
kind,6
found,6
wound,6
wear,6
sing,6
confess,6
didst,6
reenter,6
compani,6
slay,6
there,6
second,6
goos,6
cord,6
fie,6
reason,6
doom,6
exil,6
lark,6
drink,6
proud,6
present,6
person,5
uncl,5
women,5
piteou,5
rage,5
strike,5
quickli,5
pass,5
blow,5
fray,5
spite,5
pain,5
brawl,5
depart,5
pleasur,5
wind,5
withal,5
scorn,5
right,5
walk,5
busi,5
caus,5
far,5
deni,5
shrift,5
nine,5
rough,5
soft,5
groan,5
mark,5
cupid,5
gold,5
mask,5
blind,5
bride,5
delight,5
written,5
room,5
awhil,5
laid,5
quoth,5
yea,5
grace,5
might,5
alreadi,5
count,5
brief,5
iv,5
five,5
sole,5
asleep,5
shape,5
half,5
state,5
sometim,5
prayer,5
hair,5
untim,5
readi,5
longer,5
retir,5
ist,5
wherefor,5
patienc,5
fine,5
yond,5
heir,5
conjur,5
satisfi,5
spirit,5
tree,5
consort,5
return,5
mortal,5
sail,5
fain,5
trust,5
gave,5
dri,5
ring,5
chide,5
wench,5
eas,5
stop,5
hare,5
hoar,5
commend,5
slew,5
point,5
joint,5
choru,4
sever,4
civil,4
fatal,4
remov,4
thrust,4
fought,4
cruel,4
sens,4
known,4
weapon,4
frown,4
kinsmen,4
steel,4
beast,4
vein,4
tortur,4
quiet,4
ornament,4
pay,4
along,4
golden,4
east,4
citi,4
humour,4
dew,4
daylight,4
secret,4
worm,4
grow,4
cure,4
anyth,4
laugh,4
coz,4
rather,4
oppress,4
tut,4
forsworn,4
vow,4
piti,4
summer,4
woo,4
write,4
excel,4
signior,4
supper,4
thither,4
crow,4
match,4
tast,4
bitter,4
left,4
wisdom,4
lend,4
curs,4
extrem,4
date,4
believ,4
prick,4
blush,4
leg,4
wanton,4
empti,4
brain,4
oft,4
plagu,4
foul,4
press,4
cours,4
v,4
hall,4
worn,4
knave,4
touch,4
solemn,4
truth,4
town,4
respect,4
youll,4
pilgrim,4
lest,4
sake,4
crave,4
birth,4
garden,4
ran,4
appear,4
anger,4
rais,4
moon,4
green,4
bold,4
bird,4
utter,4
want,4
lent,4
dwell,4
wouldst,4
adieu,4
ghostli,4
smile,4
advanc,4
cheer,4
womb,4
lodg,4
remedi,4
met,4
slow,4
sure,4
cat,4
broad,4
gentlewoman,4
fault,4
someth,4
meat,4
minut,4
knife,4
warm,4
sour,4
bad,4
beshrew,4
amen,4
work,4
afford,4
beg,4
loss,4
slaughterd,4
damn,4
born,4
tide,4
banishd,4
search,4
doubt,4
nightli,4
methink,4
bridegroom,4
iron,4
sell,4
strew,4
nephew,3
order,3
offic,3
masker,3
alik,3
children,3
naught,3
patient,3
toil,3
public,3
carri,3
weak,3
slave,3
goe,3
piec,3
fish,3
drawn,3
club,3
throw,3
airi,3
cast,3
afternoon,3
approach,3
today,3
troubl,3
abroad,3
steal,3
bud,3
wert,3
view,3
proof,3
wrong,3
lost,3
urgd,3
woman,3
lovd,3
strong,3
bow,3
term,3
encount,3
sworn,3
ruld,3
teach,3
liberti,3
preciou,3
hard,3
odd,3
suit,3
number,3
heel,3
paper,3
backward,3
madman,3
prison,3
food,3
torment,3
cup,3
compar,3
lamb,3
forbid,3
susan,3
dug,3
twa,3
jule,3
stint,3
choos,3
stone,3
eer,3
wax,3
content,3
burden,3
visard,3
mous,3
delay,3
vain,3
dreamt,3
mab,3
nose,3
small,3
gallop,3
knee,3
fee,3
smell,3
substanc,3
inconst,3
closd,3
manner,3
save,3
sought,3
behind,3
c,3
grown,3
dove,3
rapier,3
virtuou,3
fit,3
chanc,3
contrari,3
trembl,3
greet,3
withdraw,3
passion,3
temper,3
climb,3
leap,3
pronounc,3
gossip,3
shot,3
king,3
hid,3
aris,3
knew,3
entreat,3
angel,3
wonder,3
gaze,3
belong,3
rose,3
hundr,3
washd,3
mayst,3
fond,3
lightn,3
ceas,3
exchang,3
purpos,3
rite,3
byandbi,3
wors,3
fail,3
almost,3
pluck,3
stumbl,3
lo,3
truli,3
jesu,3
deal,3
pure,3
devil,3
immort,3
bon,3
strain,3
courtesi,3
courteou,3
faint,3
whole,3
sharp,3
wide,3
fan,3
goodden,3
bawd,3
spent,3
dinner,3
occas,3
afor,3
told,3
offer,3
protest,3
devis,3
quit,3
sweetest,3
toad,3
rosemari,3
shed,3
swift,3
honey,3
ach,3
got,3
nest,3
violent,3
powder,3
loathsom,3
lain,3
apt,3
buy,3
minstrel,3
discord,3
knowst,3
calm,3
scratch,3
valour,3
furi,3
conduct,3
charg,3
deadli,3
tot,3
modesti,3
bare,3
fiend,3
mangl,3
murderd,3
beguild,3
hark,3
philosophi,3
wild,3
hollow,3
rous,3
stayd,3
wednesday,3
nightingal,3
descend,3
fickl,3
unaccustomd,3
needi,3
bark,3
bridal,3
prevent,3
hearst,3
shroud,3
awak,3
kindr,3
speed,3
hire,3
cook,3
tri,3
lick,3
cross,3
bell,3
log,3
dump,3
aloof,3
mattock,3
intent,3
apprehend,3
nobleman,2
franciscan,2
greater,2
prologu,2
household,2
mutini,2
pair,2
parent,2
strife,2
continu,2
miss,2
mend,2
choler,2
neck,2
collar,2
valiant,2
tyrant,2
maidenhead,2
abl,2
manag,2
partisan,2
blade,2
subject,2
profan,2
quench,2
issu,2
sentenc,2
cankerd,2
disturb,2
forfeit,2
farther,2
common,2
began,2
drew,2
fieri,2
breathd,2
glad,2
underneath,2
ware,2
wood,2
pursud,2
gladli,2
fled,2
fresh,2
ad,2
curtain,2
privat,2
pen,2
lock,2
neither,2
counsellor,2
spread,2
whenc,2
pleas,2
step,2
grievanc,2
struck,2
fast,2
favour,2
muffl,2
dine,2
heard,2
vaniti,2
misshapen,2
feather,2
smoke,2
health,2
shown,2
raisd,2
purgd,2
vexd,2
gall,2
supposd,2
shell,2
armd,2
sieg,2
ope,2
store,2
spare,2
merit,2
bliss,2
despair,2
examin,2
question,2
eyesight,2
debt,2
reckon,2
stranger,2
pride,2
younger,2
agre,2
choic,2
invit,2
lusti,2
tread,2
trudg,2
tailor,2
sent,2
infect,2
miseri,2
beauteou,2
niec,2
whither,2
often,2
burnt,2
fairer,2
rejoic,2
twelv,2
bade,2
knowest,2
lammasev,2
eleven,2
wormwood,2
dovehous,2
felt,2
shake,2
trow,2
broke,2
big,2
bitterli,2
prettiest,2
nursd,2
disposit,2
suckd,2
volum,2
cover,2
share,2
stori,2
bigger,2
wait,2
torchbear,2
scare,2
entranc,2
shoe,2
soar,2
dull,2
sink,2
tickl,2
rush,2
grandsir,2
dun,2
lamp,2
judgment,2
fairi,2
beam,2
whip,2
waggon,2
grub,2
courtier,2
courtsi,2
soldier,2
drum,2
start,2
fright,2
hors,2
misfortun,2
idl,2
thenc,2
revel,2
despis,2
direct,2
potpan,2
trencher,2
corn,2
—,2
tabl,2
sport,2
thirti,2
ago,2
knight,2
antic,2
storm,2
brag,2
wealth,2
presenc,2
illbeseem,2
endur,2
sauci,2
perforc,2
differ,2
smooth,2
devot,2
palm,2
palmer,2
grant,2
effect,2
talkd,2
account,2
foolish,2
weddingb,2
loath,2
rhyme,2
learnd,2
desir,2
matchd,2
held,2
stoln,2
orchard,2
venu,2
trim,2
scarlet,2
quiver,2
demesn,2
circl,2
medlar,2
vestal,2
liveri,2
discours,2
lean,2
messeng,2
bestrid,2
owe,2
henceforth,2
drunk,2
camst,2
stoni,2
limit,2
enmiti,2
prorogu,2
enquir,2
pilot,2
adventur,2
compliment,2
fals,2
perjuri,2
cun,2
discov,2
top,2
likewis,2
procur,2
hist,2
hoars,2
aloud,2
cave,2
oclock,2
forgot,2
silk,2
cherish,2
hap,2
basket,2
streak,2
weed,2
virtu,2
plant,2
herb,2
revolt,2
abus,2
vice,2
worser,2
limb,2
reign,2
drift,2
riddl,2
franci,2
salt,2
water,2
clear,2
stain,2
changd,2
dote,2
challeng,2
stab,2
white,2
courag,2
duellist,2
passado,2
afflict,2
flow,2
hild,2
gray,2
french,2
counterfeit,2
fairli,2
slip,2
pink,2
singl,2
remain,2
singular,2
swit,2
spur,2
wildgoos,2
stretch,2
meant,2
gear,2
mar,2
troth,2
month,2
jack,2
scurvi,2
paradis,2
sayst,2
r,2
herald,2
ten,2
shadow,2
lower,2
hill,2
motion,2
bandi,2
lookst,2
shamst,2
circumst,2
henceforward,2
triumph,2
everlast,2
confessor,2
conceit,2
beggar,2
sum,2
scape,2
moodi,2
spi,2
egg,2
waken,2
tie,2
tutor,2
field,2
worship,2
dearli,2
hereaft,2
drybeat,2
forbear,2
outrag,2
soundli,2
staind,2
slander,2
brave,2
gallant,2
aliv,2
determin,2
amazd,2
taken,2
obey,2
unlucki,2
bethink,2
nice,2
deaf,2
twixt,2
stout,2
newli,2
price,2
immedi,2
repent,2
wink,2
amor,2
lose,2
nightcom,2
raven,2
mansion,2
possessd,2
sold,2
tediou,2
festiv,2
robe,2
welladay,2
undon,2
dismal,2
ash,2
bier,2
gener,2
serpent,2
opposit,2
palac,2
throne,2
nativ,2
spring,2
drop,2
guilti,2
deed,2
wail,2
wash,2
acquaint,2
doomsday,2
terror,2
seest,2
unworthi,2
carrion,2
mightst,2
blubber,2
womanish,2
threatend,2
becom,2
array,2
sullen,2
heed,2
miser,2
decre,2
revivd,2
tune,2
monday,2
taen,2
bottom,2
evermor,2
couldst,2
vengeanc,2
dram,2
abhor,2
bore,2
sort,2
happili,2
blesd,2
wrought,2
baggag,2
disobedi,2
rate,2
stuffd,2
ont,2
week,2
dim,2
twain,2
danger,2
spake,2
leisur,2
mass,2
seald,2
roar,2
skull,2
newmad,2
vial,2
stiff,2
borrowd,2
prosper,2
tush,2
mouth,2
shriek,2
dash,2
spit,2
forgiv,2
unhappi,2
detest,2
confus,2
advancd,2
instrument,2
servingcreatur,2
fa,2
pestil,2
capel,2
post,2
defi,2
import,2
misadventur,2
hereabout,2
shop,2
drug,2
poverti,2
suspect,2
accid,2
yew,2
whistl,2
obsequi,2
warn,2
intend,2
condemn,2
seal,2
spade,2
sepulchr,2
bleed,2
suspicion,2
meantim,2
dire,2
potion,2
william,1
shakespear,1
repres,1
escalu,1
varianc,1
relat,1
guard,1
watchmen,1
fifth,1
chor,1
digniti,1
grudg,1
unclean,1
loin,1
starcrossd,1
misadventurd,1
overthrow,1
passag,1
deathmarkd,1
traffic,1
stage,1
strive,1
buckler,1
coal,1
collier,1
runnst,1
weakest,1
weaker,1
vessel,1
push,1
poorjohn,1
tool,1
nake,1
list,1
disgrac,1
swash,1
heartless,1
hind,1
coward,1
join,1
bill,1
gown,1
thisgiv,1
crutch,1
crutchwhi,1
sayold,1
flourish,1
rebelli,1
neighbourstain,1
hearwhat,1
pernici,1
purpl,1
fountain,1
mistemperd,1
bred,1
thrice,1
disturbd,1
beseem,1
wield,1
freetown,1
judgmentplac,1
abroach,1
adversari,1
instant,1
prepard,1
defianc,1
swung,1
hissd,1
interchang,1
romeosaw,1
worshippd,1
peerd,1
drave,1
grove,1
sycamor,1
westward,1
rooteth,1
stole,1
covert,1
theyr,1
pursu,1
shunnd,1
augment,1
allcheer,1
farthest,1
shadi,1
aurora,1
artifici,1
portent,1
importund,1
discoveri,1
bit,1
dedic,1
willingli,1
went,1
lengthen,1
tyrann,1
pathway,1
mewhat,1
creat,1
seriou,1
chao,1
wellseem,1
stillwak,1
transgress,1
propag,1
prest,1
add,1
fume,1
sparkl,1
nourishd,1
discreet,1
choke,1
preserv,1
sadli,1
aimd,1
markmanand,1
soonest,1
arrow,1
dian,1
chastiti,1
childish,1
unharmd,1
bide,1
th,1
assail,1
lap,1
saintseduc,1
chast,1
huge,1
starvd,1
poster,1
exquisit,1
strucken,1
treasur,1
passd,1
doctrin,1
penalti,1
livd,1
wither,1
ripe,1
marrd,1
swallow,1
scope,1
accord,1
accustomd,1
whereto,1
earthtread,1
apparelld,1
april,1
limp,1
winter,1
femal,1
inherit,1
shoemak,1
meddl,1
yard,1
fisher,1
pencil,1
painter,1
net,1
learnedin,1
lessend,1
anguish,1
giddi,1
holp,1
languish,1
rank,1
plantainleaf,1
broken,1
shin,1
kept,1
whippd,1
andgodden,1
gi,1
goden,1
perhap,1
languag,1
honestli,1
martino,1
anselmo,1
sister,1
widow,1
vitruvio,1
placentio,1
valentin,1
livia,1
valentio,1
lucio,1
helena,1
assembl,1
askd,1
crush,1
wine,1
sup,1
lovst,1
admir,1
unattaint,1
swan,1
devout,1
religion,1
maintain,1
falsehood,1
drownd,1
transpar,1
heret,1
liar,1
allse,1
begun,1
poisd,1
crystal,1
scale,1
weighd,1
shine,1
scant,1
splendour,1
maidenheaat,1
ladybird,1
girlwhat,1
rememberd,1
thou,1
teeth,1
teen,1
spoken,1
four,1
lammastid,1
fortnight,1
christian,1
mebut,1
earthquak,1
weandl,1
brainbut,1
nippl,1
tetchi,1
rood,1
waddl,1
holidam,1
madamyet,1
bump,1
cockerel,1
parlou,1
fallst,1
comst,1
babe,1
theme,1
of—,1
honourwer,1
teat,1
esteem,1
worldwhi,1
lineament,1
obscurd,1
margent,1
unbound,1
beautifi,1
lack,1
glori,1
clasp,1
possess,1
briefli,1
endart,1
pantri,1
everyth,1
six,1
speech,1
apolog,1
prolix,1
hoodwinkd,1
scarf,1
tartar,1
paint,1
lath,1
crowkeep,1
withoutbook,1
faintli,1
prompter,1
ambl,1
nimbl,1
stake,1
borrow,1
sore,1
enpierc,1
shaft,1
pitch,1
boister,1
thorn,1
visag,1
curiou,1
quot,1
deform,1
beetlebrow,1
sooner,1
betak,1
senseless,1
proverbd,1
phrase,1
candlehold,1
game,1
constabl,1
mire,1
thissirreverencelov,1
wherein,1
stickst,1
dreamer,1
queen,1
midwif,1
agateston,1
forefing,1
alderman,1
team,1
atomi,1
athwart,1
waggonspok,1
spinner,1
grasshopp,1
trace,1
smallest,1
spider,1
web,1
moonshin,1
wateri,1
cricket,1
lash,1
film,1
greycoat,1
gnat,1
round,1
prickd,1
lazi,1
chariot,1
hazelnut,1
joiner,1
squirrel,1
coachmak,1
lawyer,1
angri,1
blister,1
sweetmeat,1
taint,1
tithepig,1
tail,1
parson,1
benefic,1
driveth,1
foreign,1
throat,1
breach,1
ambuscado,1
spanish,1
fathom,1
plat,1
mane,1
bake,1
elflock,1
sluttish,1
untangl,1
bode,1
hag,1
carriag,1
talkst,1
begot,1
fantasi,1
thin,1
wooe,1
frozen,1
north,1
angerd,1
puff,1
dewdrop,1
south,1
misgiv,1
consequ,1
expir,1
steerag,1
sailon,1
shift,1
scrape,1
unwashd,1
joinstool,1
courtcupboard,1
plategood,1
marchpan,1
porter,1
grindston,1
nell,1
antoni,1
toocheerli,1
brisk,1
liver,1
toe,1
unplagud,1
bout,1
dainti,1
whisper,1
pleaseti,1
gentlemencom,1
hall—,1
unlookdfor,1
byr,1
nuptial,1
lucentio,1
pentecost,1
fiveandtwenti,1
maskd,1
elder,1
ward,1
enrich,1
jewel,1
ethiop,1
snowi,1
troop,1
forswear,1
boywhat,1
coverd,1
fleer,1
stock,1
kin,1
portli,1
wellgovernd,1
disparag,1
semblanc,1
endurd,1
goodman,1
boyl,1
shallgo,1
himgod,1
cockahoop,1
trick,1
scath,1
heartsyou,1
princox,1
ormor,1
light—,1
whatcheerli,1
wil,1
intrus,1
convert,1
unworthiest,1
shrine,1
mannerli,1
trespass,1
sweetli,1
bachelor,1
chink,1
unrest,1
trifl,1
banquet,1
een,1
goodnight,1
herecom,1
fay,1
tiberio,1
petruchio,1
sprung,1
unknown,1
prodigi,1
dancd,1
deathb,1
gape,1
groand,1
belovd,1
bewitch,1
charm,1
complain,1
bait,1
hook,1
access,1
usd,1
belov,1
anywher,1
adjoin,1
forward,1
centr,1
leapd,1
nicknam,1
purblind,1
auburn,1
cophetua,1
beggarmaid,1
heareth,1
stirreth,1
moveth,1
ape,1
forehead,1
thigh,1
adjac,1
twould,1
conjurd,1
invoc,1
humor,1
befit,1
fruit,1
truckleb,1
fieldb,1
scar,1
fairest,1
twinkl,1
sphere,1
region,1
stream,1
glove,1
gloriou,1
whiteupturn,1
lazypac,1
refus,1
calld,1
retain,1
perfect,1
titleromeo,1
doff,1
baptizd,1
bescreend,1
stumblest,1
dislik,1
consid,1
oerperch,1
attempt,1
peril,1
cloak,1
foundst,1
prompt,1
vast,1
shore,1
furthest,1
merchandis,1
maiden,1
bepaint,1
swearst,1
jove,1
thinkest,1
pervers,1
haviour,1
overheardst,1
truelov,1
imput,1
yield,1
tip,1
fruittre,1
monthli,1
orb,1
variabl,1
graciou,1
self,1
idolatri,1
although,1
contract,1
rash,1
unadvisd,1
lighten,1
ripen,1
repos,1
unsatisfi,1
satisfact,1
request,1
frank,1
bounti,1
boundless,1
infinit,1
nursesweet,1
afeard,1
flatteringsweet,1
substanti,1
bent,1
perform,1
throughout,1
meanest,1
thrive,1
schoolboy,1
school,1
retirong,1
slowli,1
falcon,1
lure,1
tasselgentl,1
bondag,1
echo,1
repetit,1
silversweet,1
softest,1
hop,1
twist,1
gyve,1
thread,1
lovingjeal,1
greyeyd,1
chequer,1
eastern,1
fleck,1
drunkard,1
reel,1
path,1
titan,1
wheel,1
non,1
dank,1
upfil,1
osier,1
cage,1
bale,1
preciousju,1
diver,1
suck,1
mickl,1
qualiti,1
special,1
aught,1
straind,1
misappli,1
action,1
dignifi,1
infant,1
rind,1
resid,1
medicin,1
smelt,1
oppos,1
encamp,1
predomin,1
canker,1
eat,1
benedicit,1
saluteth,1
argu,1
distemperd,1
unbruis,1
unstuffd,1
couch,1
assur,1
uprousd,1
distemperatur,1
sweeter,1
physic,1
hatr,1
intercess,1
stead,1
plain,1
plainli,1
combind,1
combin,1
forsaken,1
maria,1
brine,1
sallow,1
thrown,1
season,1
chiddst,1
pupil,1
badst,1
allow,1
rote,1
spell,1
waver,1
assist,1
allianc,1
rancour,1
hardheart,1
song,1
pin,1
cleft,1
bowboy,1
buttshaft,1
captain,1
pricksongkeep,1
distanc,1
proport,1
minim,1
third,1
butcher,1
button,1
punto,1
reverso,1
hay,1
pox,1
lisp,1
fantastico,1
tuner,1
accentsbi,1
bladea,1
tall,1
mana,1
whorewhi,1
fashionmong,1
pardonnezmoi,1
bench,1
roe,1
her,1
fishifiednow,1
petrarch,1
laura,1
kitchen,1
berhym,1
dido,1
dowdi,1
cleopatra,1
gypsi,1
helen,1
hero,1
harlot,1
thisb,1
jour,1
salut,1
slop,1
conceiv,1
constrain,1
ham,1
kindli,1
exposit,1
pump,1
wellflow,1
pumpthat,1
singlesol,1
chase,1
sauc,1
cheveril,1
inch,1
narrow,1
ell,1
sociabl,1
drivel,1
loll,1
baubl,1
hole,1
desirest,1
larg,1
deceiv,1
depth,1
occupi,1
argument,1
goodli,1
shirt,1
smock,1
bawdi,1
dial,1
noon,1
saidfor,1
agentlemen,1
older,1
youngest,1
worst,1
confid,1
indit,1
lenten,1
pie,1
stale,1
score,1
farewell,1
merchant,1
roperi,1
ana,1
lustier,1
flirtgil,1
skainsmatesand,1
suffer,1
vex,1
knavepray,1
gross,1
behaviour,1
doubl,1
gentlemanlik,1
shrivd,1
penni,1
abbeywal,1
tackl,1
stair,1
topgal,1
convoy,1
trusti,1
theehark,1
prate,1
aboard,1
lief,1
proper,1
clout,1
versal,1
mocker,1
letterand,1
sententi,1
clock,1
promisd,1
perchanc,1
lame,1
faster,1
glide,1
drive,1
nimblepiniond,1
windswift,1
highmost,1
journey,1
ball,1
folk,1
feign,1
unwieldi,1
gate,1
merrili,1
aweari,1
jaunt,1
speakgood,1
rhough,1
catch,1
jaunc,1
sorri,1
handsom,1
motherwhi,1
oddli,1
repliest,1
poultic,1
messag,1
coillcom,1
theyll,1
ladder,1
drudg,1
fortunelhonest,1
vi,1
afterhour,1
countervail,1
lovedevour,1
consum,1
delici,1
confound,1
appetit,1
moder,1
arriv,1
tardi,1
lady,1
flint,1
gossam,1
goodeven,1
heapd,1
skill,1
blazon,1
sweeten,1
neighbour,1
unfold,1
imagind,1
receiv,1
worth,1
excess,1
incorpor,1
confin,1
tavern,1
clap,1
oper,1
drawer,1
mood,1
itali,1
shortli,1
beard,1
crack,1
nut,1
hazel,1
eyeswhat,1
beaten,1
addl,1
cough,1
doublet,1
easter,1
riband,1
quarter,1
coupl,1
consortest,1
fiddlestick,1
zound,1
haunt,1
coldli,1
budg,1
appertain,1
injuri,1
injurd,1
dishonour,1
submiss,1
alia,1
stoccata,1
ratcatch,1
eight,1
pitcher,1
expressli,1
tybaltgood,1
partizan,1
housesl,1
sped,1
pagego,1
surgeon,1
twill,1
pepper,1
houseslzound,1
rat,1
braggart,1
rogu,1
arithmeticwhi,1
alli,1
behalf,1
reput,1
effemin,1
softend,1
aspird,1
fate,1
depend,1
furiou,1
leniti,1
fireeyd,1
gavest,1
wive,1
beginn,1
prince,1
spilld,1
displeasur,1
humbl,1
bowd,1
truce,1
unruli,1
spleen,1
tilt,1
pierc,1
martial,1
dexter,1
retort,1
swifter,1
agil,1
entertaind,1
reveng,1
fell,1
justic,1
conclud,1
offenc,1
interest,1
proceed,1
ableed,1
amerc,1
plead,1
purchas,1
apac,1
fieryfoot,1
steed,1
phoebu,1
phaeton,1
west,1
cloudi,1
loveperform,1
untalkd,1
unseen,1
sobersuit,1
matron,1
win,1
playd,1
stainless,1
maidenhood,1
hood,1
unmannd,1
bate,1
mantl,1
romeocom,1
whiter,1
snow,1
blackbrowd,1
garish,1
bought,1
enjoyd,1
impati,1
heavenli,1
eloqu,1
wring,1
dayh,1
itromeo,1
roard,1
vowel,1
deathdart,1
cockatric,1
weal,1
markher,1
manli,1
bedaubd,1
gorebloodl,1
swound,1
heartpoor,1
bankrout,1
resign,1
dearlovd,1
dearer,1
dread,1
trumpet,1
goddid,1
dragon,1
dovefeatherd,1
wolvishraven,1
divinest,1
justli,1
seemst,1
bower,1
contain,1
deceit,1
gorgeou,1
honesti,1
perjurd,1
dissembl,1
aqua,1
vita,1
blisterd,1
ashamd,1
crownd,1
monarch,1
univers,1
threehour,1
tributari,1
mistak,1
memori,1
sinner,1
fellowship,1
needli,1
rankd,1
followd,1
modern,1
movd,1
rearward,1
banishedto,1
rope,1
exild,1
highway,1
maidenwidow,1
wot,1
enanmourd,1
calam,1
familiar,1
gentler,1
vanishd,1
purgatori,1
hencebanish,1
mistermd,1
cuttst,1
axe,1
smilst,1
stroke,1
unthank,1
brushd,1
turnd,1
valid,1
courtship,1
seiz,1
sayest,1
mixd,1
sharpground,1
howl,1
divin,1
sinabsolv,1
professd,1
littler,1
armour,1
advers,1
milk,1
displant,1
revers,1
prevail,1
madmen,1
disput,1
estat,1
unmad,1
heartsick,1
mistlik,1
infold,1
knockwho,1
thereromeo,1
awhilestand,1
studi,1
byandbygod,1
errand,1
sympathi,1
predica,1
rise,1
sir—,1
spakest,1
childhood,1
removd,1
conceald,1
cancelld,1
level,1
gun,1
anatomi,1
sack,1
denot,1
unreason,1
unseemli,1
temperd,1
railst,1
usur,1
aboundst,1
usest,1
bedeck,1
digress,1
vowd,1
skilless,1
flask,1
afir,1
ignor,1
dismemberd,1
defenc,1
slewest,1
pack,1
court,1
misbehavd,1
poutst,1
ascend,1
blaze,1
reconcil,1
wentst,1
hasten,1
disguisd,1
sojourn,1
signifi,1
fallen,1
unluckili,1
promis,1
abe,1
mewd,1
bea,1
earl,1
ado,1
carelessli,1
dozen,1
weddingday,1
galleri,1
overlook,1
piercd,1
pomegran,1
lace,1
candl,1
jocund,1
tipto,1
misti,1
mountain,1
meteor,1
exhal,1
needst,1
yon,1
reflex,1
cynthia,1
vaulti,1
will,1
is—,1
harsh,1
unpleas,1
divis,1
divideth,1
affray,1
hunt,1
huntsup,1
wari,1
omit,1
opportun,1
convey,1
thinkst,1
illdivin,1
renownd,1
weepst,1
mile,1
asund,1
griev,1
traitor,1
reach,1
veng,1
runag,1
himdead,1
receipt,1
thereof,1
namdand,1
wreak,1
ladyship,1
expectst,1
lookd,1
st,1
paristhes,1
drizzl,1
sunset,1
rain,1
downright,1
conduit,1
shower,1
counterfeitst,1
ebb,1
flood,1
overset,1
tempesttoss,1
deliverd,1
worthi,1
choplog,1
proudmistress,1
minion,1
fettl,1
gainst,1
drag,1
hurdl,1
greensick,1
tallowfac,1
repli,1
itch,1
scarc,1
blame,1
prudenc,1
smatter,1
treason,1
gooden,1
mumbl,1
graviti,1
bowl,1
bread,1
provid,1
parentag,1
nobli,1
traind,1
proportiond,1
pule,1
whine,1
mammet,1
til,1
graze,1
advis,1
starv,1
acknowledg,1
earthcomfort,1
practis,1
stratagem,1
stealth,1
dishclout,1
eagl,1
quick,1
twere,1
speakest,1
marvel,1
displeasd,1
absolvd,1
damnat,1
wick,1
disprais,1
praisd,1
timesgo,1
slack,1
uneven,1
immoder,1
sway,1
inund,1
societi,1
slowd,1
certain,1
text,1
abusd,1
victori,1
wrongst,1
report,1
slanderd,1
pensiv,1
shield,1
compass,1
resolut,1
joind,1
label,1
treacher,1
longexperiencd,1
empir,1
arbitr,1
commiss,1
speakst,1
execut,1
undertak,1
copst,1
darst,1
battlement,1
tower,1
thievish,1
lurk,1
chain,1
charnelhous,1
oercoverd,1
rattl,1
reeki,1
shank,1
yellow,1
chapless,1
unstaind,1
distil,1
liquor,1
drowsi,1
puls,1
progress,1
surceas,1
warmth,1
testifi,1
livest,1
fade,1
pali,1
deprivd,1
suppl,1
govern,1
stark,1
shrunk,1
twoandforti,1
pleasant,1
countri,1
uncoverd,1
free,1
toy,1
abat,1
resolv,1
begon,1
unfurnishd,1
forsooth,1
peevish,1
selfwilld,1
harlotri,1
headstrong,1
gad,1
behest,1
enjoind,1
prostrat,1
knot,1
knit,1
ast,1
reverend,1
closet,1
furnish,1
provis,1
deck,1
tonightlet,1
housewif,1
wondrou,1
wayward,1
reclaimd,1
attir,1
bestbut,1
orison,1
culld,1
necessari,1
behov,1
thrill,1
freez,1
heat,1
nursewhat,1
mixtur,1
nothi,1
itli,1
subtli,1
ministerd,1
dishonourd,1
entertain,1
redeem,1
stifl,1
healthsom,1
strangl,1
horribl,1
togeth,1
receptacl,1
ancestor,1
packd,1
fester,1
resort,1
mandrak,1
torn,1
distraught,1
environ,1
hideou,1
madli,1
forefath,1
ghost,1
pointstay,1
key,1
spice,1
quinc,1
pastri,1
cock,1
crowd,1
curfew,1
rung,1
bakd,1
angelica,1
cost,1
cotquean,1
whit,1
watchd,1
lesser,1
mousehunt,1
jealoushood,1
ajealoushoodnow,1
drier,1
whoreson,1
loggerhead,1
wouldl,1
nursewifewhat,1
howhat,1
chat,1
parishi,1
mistresswhat,1
mistressjulietfast,1
lambwhi,1
lady—,1
slugab,1
saymadam,1
sweetheartwhi,1
wordyou,1
pennyworth,1
dressd,1
cloth,1
alashelp,1
aquavita,1
homi,1
memi,1
reviv,1
help—,1
deceasd,1
herout,1
settl,1
separ,1
frost,1
accurs,1
unfortun,1
woful,1
bridether,1
deflow,1
soninlaw,1
accursd,1
labour,1
pilgrimag,1
solac,1
catchd,1
divorc,1
overthrown,1
life—,1
despisd,1
distress,1
martyrd,1
uncomfort,1
childmi,1
deadalack,1
etern,1
promot,1
stick,1
custom,1
merriment,1
ordain,1
funer,1
melancholi,1
burial,1
hymn,1
dirg,1
pariseveri,1
pipe,1
amend,1
money,1
gleekl,1
pate,1
crotchet,1
gripe,1
dole,1
simon,1
catl,1
prettywhat,1
hugh,1
rebeck,1
toowhat,1
jame,1
soundpost,1
singer,1
speedi,1
redress,1
jackcom,1
tarri,1
mourner,1
actv,1
flatter,1
presag,1
lightli,1
lift,1
emperor,1
veronahow,1
fare,1
low,1
ink,1
posthors,1
deceivd,1
means,1
mischief,1
tatterd,1
overwhelm,1
cull,1
meagr,1
tortois,1
hung,1
allig,1
skin,1
illshap,1
shelv,1
beggarli,1
box,1
earthen,1
pot,1
bladder,1
musti,1
seed,1
remnant,1
packthread,1
cake,1
thinli,1
scatterd,1
penuri,1
sale,1
caitiff,1
forerun,1
holiday,1
loud,1
forti,1
ducat,1
soonspeed,1
dispers,1
lifeweari,1
taker,1
mall,1
trunk,1
dischargd,1
hasti,1
fird,1
hurri,1
cannon,1
wretched,1
fearst,1
famin,1
starveth,1
contempt,1
beggari,1
liquid,1
despatch,1
compound,1
cordial,1
barefoot,1
associ,1
visit,1
searcher,1
infecti,1
brotherhood,1
neglect,1
notic,1
loos,1
unfirm,1
dig,1
signal,1
afraid,1
canopi,1
dust,1
distilld,1
moan,1
wander,1
wrench,1
deliv,1
whateer,1
interrupt,1
partli,1
chiefli,1
employ,1
jealou,1
pri,1
hungri,1
savagewild,1
fierc,1
inexor,1
tiger,1
friendship,1
maw,1
gorgd,1
dearest,1
morsel,1
enforc,1
rotten,1
jaw,1
despit,1
cram,1
haughti,1
suppos,1
creatur,1
villan,1
unhallowd,1
tempt,1
affright,1
urg,1
gonel,1
felon,1
provok,1
perus,1
betoss,1
rode,1
so,1
triumphant,1
lanthorn,1
slaughtr,1
interrd,1
keeper,1
lightning—,1
conquerd,1
ensign,1
crimson,1
flag,1
sheet,1
sunder,1
unsubstanti,1
monster,1
paramour,1
chambermaid,1
yoke,1
inauspici,1
worldweari,1
embrac,1
righteou,1
dateless,1
bargain,1
engross,1
unsavouri,1
guid,1
rock,1
seasick,1
weari,1
quickthu,1
lantern,1
feet,1
graveswho,1
vainli,1
eyeless,1
discern,1
burneth,1
menac,1
alonefear,1
masterless,1
gori,1
discolourd,1
palewho,1
steepd,1
bloodah,1
unkind,1
chanceth,1
amwher,1
contagion,1
unnatur,1
contradict,1
thwart,1
intentscom,1
toocom,1
dispos,1
sisterhood,1
nun,1
timeless,1
churl,1
friendli,1
after—,1
hapli,1
restor,1
boywhich,1
noisethen,1
snatch,1
sheath,1
whoeer,1
attach,1
princerun,1
whereon,1
descri,1
safeti,1
peopl,1
outcri,1
startl,1
sovereign,1
mistaenfor,1
missheath,1
lieg,1
stoppd,1
conspir,1
untaught,1
ambigu,1
descent,1
mischanc,1
parti,1
greatest,1
least,1
impeach,1
purg,1
excusd,1
pind,1
betrothd,1
paristhen,1
rid,1
forc,1
yesternight,1
returnd,1
prefix,1
conveni,1
violenc,1
privi,1
ought,1
miscarri,1
sacrificd,1
rigour,1
severest,1
brought,1
pothecari,1
therewith,1
enemiescapulet,1
scourg,1
brace,1
punishd,1
jointur,1
demand,1
statu,1
figur,1
sacrific,1
gloom,1
pardond,1
punish,1
